A01AA01	100005235
A01AA02	100024266
A01AA03	100023257
A01AA04	100024550
A01AB02	100000784
A01AB03	100002713
A01AB04	100001972
A01AB05	100062705
A01AB06	100003149
A01AB07	100001923
A01AB08	100004454
A01AB09	100004189
A01AB10	100441382
A01AB12	100003607
A01AB13	125880664
A01AB14	100029563
A01AB15	100432452
A01AB16	100486300
A01AB17	100004173
A01AB18	100002812
A01AB19	100517072
A01AB21	127233777
A01AB22	125880656
A01AB23	126275995
A01AC01	100005544
A01AC02	100003003
A01AC03	100003640
A01AD01	100000838
A01AD02	100012555
A01AD05	100002244
A01AD06	100007436
A01AD07	100002161
A02AA01	100011029
A02AA02	100014792
A02AA03	100061745
A02AA04	100014791
A02AA05	100026924
A02AB01	100114790
A02AB02	100114790
A02AB03	100064655
A02AB05	121584777
A02AB07	106452712
A02AC01	100010112
A02AC02	100026370
A02AD02	100170190
A02AD03	100071749
A02AD04	100071749
A02AD05	100156054
A02BA01	100002756
A02BA02	100005039
A02BA03	100003325
A02BA04	100004513
A02BA05	103033952
A02BA06	100005105
A02BA07	100062984
A02BA08	100003873
A02BB01	100042955
A02BB02	100003231
A02BC01	100004594
A02BC02	100004679
A02BC03	100003883
A02BC04	100005029
A02BC05	100004594
A02BD07	124847953
A02BX01	100002561
A02BX02	145114148
A02BX03	100004848
A02BX05	106335486
A02BX06	100004922
A02BX07	100003459
A02BX09	100094320
A02BX10	100014652
A02BX11	100005597
A02BX12	109947828
A02BX13	106850754
A03AA01	100004642
A03AA03	100005902
A03AA04	100004031
A03AA05	100005573
A03AA06	100068705
A03AA07	100003042
A03AA08	100021787
A03AA09	100165124
A03AA30	100004839
A03AB01	100066247
A03AB02	100003494
A03AB03	100005748
A03AB04	100006066
A03AB05	100004934
A03AB06	100072092
A03AB07	100004097
A03AB08	100020298
A03AB09	100003775
A03AB10	100024199
A03AB11	100011017
A03AB12	100004057
A03AB13	100031799
A03AB14	100004832
A03AB15	100006126
A03AB17	100005473
A03AB18	100004905
A03AB19	100005476
A03AB21	100071489
A03AC04	103033975
A03AC05	100042261
A03AD01	100004680
A03AD02	100026394
A03AD30	100070881
A03AE01	100002099
A03AE02	105487301
A03AE03	100065939
A03AE04	103052762
A03AX01	100197784
A03AX02	100022262
A03AX03	100071636
A03AX04	100040703
A03AX05	100072098
A03AX06	100058520
A03AX07	100008589
A03AX08	100003678
A03AX09	100005536
A03AX10	100022296
A03AX11	100065709
A03AX12	100000359
A03AX13	105461123
A03BA01	100003661
A03BA03	100003661
A03BB01	100003636
A03BB02	100005860
A03BB03	100004120
A03BB04	100071534
A03BB05	100432585
A03FA01	100004168
A03FA02	100002769
A03FA03	100003151
A03FA04	100002446
A03FA05	100043008
A03FA06	100002780
A04AA01	100004595
A04AA02	100003510
A04AA03	100005595
A04AA04	100003148
A04AA05	100148211
A04AD01	100005184
A04AD02	100008762
A04AD04	100005977
A04AD05	100026388
A04AD10	100002978
A04AD11	100039860
A04AD12	100151165
A04AD13	109917021
A05AA01	100005645
A05AA02	100005645
A05AA03	100000303
A05AB01	100064950
A05AX01	100028426
A05AX02	103364573
A05AX03	100072065
A05BA01	100020317
A05BA03	100005213
A05BA04	100014520
A05BA05	100115056
A05BA08	100003495
A06AA02	100011339
A06AB01	100031315
A06AB02	100002391
A06AB03	100002950
A06AB04	100004764
A06AB05	106850719
A06AB08	100005243
A06AB09	100028689
A06AC05	100162200
A06AC06	106850753
A06AC07	100005533
A06AD01	100011029
A06AD02	100014792
A06AD03	100061745
A06AD04	100024083
A06AD11	100003872
A06AD12	100003871
A06AD13	100024436
A06AD14	100006518
A06AD15	100000174
A06AD16	100000453
A06AD17	100024203
A06AD18	100000453
A06AD19	100008949
A06AD21	100013355
A06AG01	100024203
A06AG02	100002391
A06AG04	100000753
A06AG06	100061336
A06AG07	100000453
A06AH01	105361917
A06AH02	105488547
A06AX01	100000753
A06AX03	100157920
A07AA01	100004454
A07AA02	100004568
A07AA03	100441382
A07AA04	100005297
A07AA05	100004868
A07AA06	100004689
A07AA07	100001972
A07AA08	100000815
A07AA09	100005651
A07AA10	144565928
A07AA11	100072111
A07AB02	100004806
A07AB03	100005324
A07AB04	100005315
A07AC01	100004189
A07AX01	100002453
A07AX02	100001985
A07AX03	100013764
A07AX04	106436054
A07BC01	100000610
A07BC02	156841936
A07BC03	100006917
A07BC04	109794606
A07DA01	100013505
A07DA03	100003954
A07DA04	100034328
A07DA05	100071421
A07EA01	100004894
A07EA02	100003640
A07EA03	100004900
A07EA04	100003003
A07EA05	100041477
A07EA06	100002462
A07EA07	100002307
A07EB01	100002881
A07EC01	105353980
A07EC02	100004075
A07EC03	105462337
A07EC04	105362070
A07XA03	100000271
A07XA04	100060561
A08AA01	100004771
A08AA02	100003337
A08AA03	100007029
A08AA04	100003337
A08AA05	100004020
A08AA06	100009982
A08AA07	100004786
A08AA08	100071675
A08AA09	100021776
A08AA10	100005210
A08AB01	100004599
A08AX01	100104849
A09AA03	100001991
A09AB01	100000611
A09AB02	100000247
A09AB03	100000312
A09AB04	100000311
A10AB01	116129672
A10AB02	116129672
A10AB03	116129672
A10AB04	116132438
A10AB05	116132418
A10AC01	116129672
A10AC02	116129672
A10AC03	116129672
A10AC04	116132438
A10AD01	116129672
A10AD02	116129672
A10AD03	116129672
A10AD04	116132438
A10AD05	116132418
A10AE01	116129672
A10AE02	116129672
A10AE03	116129672
A10AE04	144146714
A10AE05	116137271
A10AF01	116129672
A10BA01	100008249
A10BA02	100004091
A10BA03	100002468
A10BB01	100003488
A10BB02	100002727
A10BB03	100005505
A10BB04	100033649
A10BB05	100005503
A10BB06	100009564
A10BB07	100003478
A10BB08	100091610
A10BB09	100003475
A10BB10	100011259
A10BB11	100032778
A10BB12	100003476
A10BB31	100001989
A10BC01	100009565
A10BF01	100041774
A10BF02	100051577
A10BF03	100005677
A10BG01	100005591
A10BG02	100077998
A10BG03	100004829
A10BH01	104369359
A10BH02	105251896
A10BH03	111235728
A10BH04	111163584
A10BX02	100004547
A10BX03	100004443
A10BX04	116156130
A10BX05	116132446
A10BX06	100002318
A10BX07	116134956
A10BX08	100121891
A10XA01	100053359
A11CA01	100001071
A11CA02	100000573
A11CC01	100003249
A11CC02	100003070
A11CC03	100002091
A11CC04	100002524
A11CC05	100002735
A11CC06	100001593
A11DA01	100001130
A11DA02	100071124
A11DA03	100002320
A11GA01	111020241
A11HA01	100000936
A11HA02	100001054
A11HA03	100014986
A11HA04	100001072
A11HA05	100000253
A11HA06	100001051
A11HA07	100000892
A11HA08	100071406
A11HA30	100004678
A11HA31	100000988
A11HA32	100004677
A12AA01	100024441
A12AA02	100025557
A12AA03	100000604
A12AA04	100010112
A12AA05	100013144
A12AA06	100000604
A12AA07	100000206
A12AA08	100000754
A12AA10	100025588
A12AA11	100083182
A12AA20	100000271
A12BA01	100000206
A12BA02	100013344
A12BA04	100011430
A12BA05	100000604
A12CA01	100000206
A12CA02	100024436
A12CB01	100024424
A12CB02	100020543
A12CC01	124848143
A12CC02	100024083
A12CC03	100019261
A12CC04	100008949
A12CC05	100087869
A12CC06	105319192
A12CC08	103014382
A12CC09	103036905
A12CC10	100014792
A12CC30	100000888
A12CD01	100005235
A12CD02	100024266
A12CE01	100025960
A12CE02	100024934
A14AA01	100000015
A14AA02	100005277
A14AA03	100006300
A14AA04	100009054
A14AA05	100004638
A14AA06	100017214
A14AA07	100000076
A14AA08	100005878
A14AA09	100005858
A14AB01	100009904
A14AB02	100003302
A14AB03	100068952
A16AA01	100000085
A16AA02	100001079
A16AA03	100000738
A16AA04	100006058
A16AA05	100121396
A16AA06	100000247
A16AB06	100135113
A16AX01	100000864
A16AX02	100002194
A16AX03	100004775
A16AX04	100115355
A16AX05	100011192
A16AX06	100051634
A16AX07	100001125
B01AA01	125201794
B01AA02	100004760
B01AA03	105001396
B01AA04	140468198
B01AA07	140468184
B01AA08	154685524
B01AA09	100070846
B01AA10	100006719
B01AA11	154708299
B01AB01	153477714
B01AB02	100130096
B01AB04	109812414
B01AB05	100000772
B01AB06	109812414
B01AB07	109812414
B01AB08	109812414
B01AB10	109812414
B01AB11	106453528
B01AB12	109812414
B01AC01	100029088
B01AC02	100068876
B01AC03	100004814
B01AC04	100002806
B01AC05	100005472
B01AC06	100002244
B01AC07	100003108
B01AC08	100021975
B01AC09	100000159
B01AC10	100044562
B01AC11	100054313
B01AC16	100123610
B01AC17	100005486
B01AC18	100009458
B01AC19	100002352
B01AC21	100054786
B01AC22	106918456
B01AD01	109815559
B01AE01	116129703
B01AE02	116132441
B01AE03	100002232
B01AE04	100183797
B01AE05	100656635
B01AE06	116129704
B01AE07	100213023
B01AX04	100032756
B01AX05	100123611
B01AX06	106433119
B02AA01	100000564
B02AA02	100005526
B02AA03	100065526
B02AB01	116130295
B02AB04	100002536
B02BA01	100004812
B02BA02	100004055
B02BC05	100007436
B02BC06	116131180
B02BC07	106913668
B02BC08	106850754
B02BC09	100000838
B02BD30	116131180
B02BX01	100017506
B02BX02	105353473
B02BX04	100123015
B02BX05	109846180
B03AA02	100008829
B03AA03	100009291
B03AA04	100011248
B03AA05	100024380
B03AA06	100159252
B03AA07	100024393
B03AA10	111020241
B03AB02	106850789
B03AB03	100027461
B03AB04	100029154
B03AB06	100031083
B03AC02	106850789
B03AD02	100008829
B03AD03	100024393
B03BA01	100002891
B03BA03	104479097
B03BA04	100424379
B03BA05	106436232
B03BB01	100003405
B03XA01	104474778
B05AA01	116211090
B05AA05	100102399
B05AA07	116213095
B05BB03	100006503
B05BC01	100000453
B05BC02	100001176
B05CA01	100002683
B05CA02	100002713
B05CA03	100001839
B05CA04	100005328
B05CA05	100029566
B05CA06	100001292
B05CA07	105251503
B05CA08	100002017
B05CA09	100004454
B05CB01	100000206
B05CB02	100006224
B05CB03	100008949
B05CB04	100010340
B05CX01	100000206
B05CX02	100000453
B05CX03	100000750
B05CX04	100000453
B05XA01	100000206
B05XA02	100010340
B05XA03	100000206
B05XA04	100025517
B05XA05	100024083
B05XA07	100000206
B05XA08	100517045
B05XA09	100024203
B05XA10	100024439
B05XA11	124848143
B05XA12	100005727
B05XA13	100000312
B05XA14	100000754
B05XA15	123671663
B05XA17	100517044
B05XB01	100000232
B05XB03	100000866
B05XX02	100006503
B06AA03	100003830
B06AA04	104052643
B06AA07	105311489
B06AB01	100027337
C01AA01	100001997
C01AA02	100417452
C01AA04	100003061
C01AA05	100003062
C01AA06	100003879
C01AA07	100002996
C01AA08	100004166
C01AA09	100065598
C01AB01	100004951
C01AC01	100004605
C01AC03	100010504
C01AX02	100004749
C01BA01	100001065
C01BA02	100004913
C01BA03	100003114
C01BA04	100003966
C01BA05	100002073
C01BA08	100037042
C01BA12	100002073
C01BB01	100003676
C01BB02	100004178
C01BB03	100038945
C01BB04	100002218
C01BC03	100004932
C01BC04	100003355
C01BC07	100042883
C01BC08	100048040
C01BD01	100002156
C01BD02	100002431
C01BD03	100036131
C01BD04	100071329
C01BD05	100060752
C01BD06	100065825
C01BG01	100034632
C01BG07	100002747
C01CA01	100003306
C01CA02	100003779
C01CA03	100000951
C01CA04	100000681
C01CA05	100004538
C01CA06	100004782
C01CA07	100036811
C01CA08	100007172
C01CA09	100004087
C01CA10	100006081
C01CA11	100003677
C01CA12	100031512
C01CA13	100042396
C01CA14	100055483
C01CA15	100102551
C01CA16	100068555
C01CA17	100004195
C01CA18	100004581
C01CA19	100003340
C01CA21	100071740
C01CA22	100060789
C01CA23	100071857
C01CA24	100000838
C01CE01	100003698
C01CE02	100004197
C01CE03	100053708
C01CE04	100002460
C01CX06	100005890
C01CX07	100155773
C01CX08	100060867
C01DA02	100004510
C01DA05	100006518
C01DA07	100066261
C01DA08	100003780
C01DA09	100011498
C01DA13	100023723
C01DA14	100027661
C01DA38	100168009
C01DB01	104474062
C01DX01	100026000
C01DX02	100009801
C01DX03	100027454
C01DX04	100006237
C01DX05	100012603
C01DX06	100005776
C01DX07	100003275
C01DX08	100003590
C01DX09	100027500
C01DX10	100003074
C01DX11	100005531
C01DX12	100004238
C01DX13	100008395
C01DX14	100039758
C01DX15	100071132
C01DX16	100047528
C01DX18	100005219
C01DX19	122834577
C01EA01	100000214
C01EB02	100002537
C01EB03	100003715
C01EB05	100023342
C01EB06	100000587
C01EB07	100000718
C01EB09	100001156
C01EB10	100000191
C01EB11	100071264
C01EB13	100017513
C01EB15	100021109
C01EB16	100003672
C01EB17	100132999
C01EB18	100056959
C01EB19	100071362
C01EB21	100219024
C02AA01	100005051
C02AA02	100005052
C02AA05	100008550
C02AA06	100071798
C02AA07	100065518
C02AB01	100004138
C02AB02	100004138
C02AC01	100002803
C02AC02	100003519
C02AC04	100072138
C02AC05	100004810
C02AC06	100068712
C02BA01	100023576
C02BB01	100004032
C02CA01	100004893
C02CA02	100033625
C02CA03	100037264
C02CA04	100003157
C02CA06	100005639
C02CC01	100002368
C02CC02	100003518
C02CC03	100016564
C02CC04	100002965
C02CC05	100071834
C02CC06	100036054
C02CC07	100071379
C02DA01	100003019
C02DB01	100010230
C02DB02	100003637
C02DB03	100047607
C02DB04	100002515
C02DC01	100004201
C02DD01	111947681
C02DG01	100004826
C02KA01	100008419
C02KB01	100003125
C02KC01	100004688
C02KD01	100003822
C02KX01	100104865
C02KX02	100197712
C02KX03	100216235
C03AA01	100002315
C03AA02	100003647
C03AA03	100003639
C03AA04	100002720
C03AA05	100004870
C03AA06	100005560
C03AA07	100002904
C03AA08	100004121
C03AA09	100002910
C03AA13	100071652
C03BA02	100006307
C03BA03	100002804
C03BA04	100002732
C03BA05	100004047
C03BA07	100069594
C03BA08	100004170
C03BA09	100004165
C03BA10	100026618
C03BA11	100003702
C03BA12	100016473
C03BA13	100068548
C03BC01	100010294
C03BD01	100005429
C03BX03	100054909
C03CA01	100003440
C03CA02	100002471
C03CA03	100004849
C03CA04	100041781
C03CC01	100003278
C03CC02	100038409
C03CD01	100041386
C03CX01	100006304
C03DA01	100005267
C03DA02	100004872
C03DA03	100013789
C03DA04	100150310
C03DB01	100016230
C03DB02	100005546
C03XA01	100216237
C03XA02	100151171
C04AA01	100003783
C04AA02	100004567
C04AA31	100002292
C04AB01	100005775
C04AB02	100005504
C04AC01	100000937
C04AC02	100007510
C04AC03	100003720
C04AC07	100068703
C04AD01	100070569
C04AD02	100009912
C04AD03	100004740
C04AD04	100083435
C04AE01	104077900
C04AE02	100004475
C04AE04	100003065
C04AX01	100002893
C04AX02	100004768
C04AX07	100005668
C04AX10	100004260
C04AX11	100002312
C04AX17	100003195
C04AX19	100005354
C04AX20	100002467
C04AX21	100004417
C04AX23	100030949
C04AX24	100010157
C04AX26	100066383
C04AX27	100002759
C04AX28	100003689
C04AX30	100008966
C04AX32	100003547
C05AA01	100003640
C05AA04	100004894
C05AA05	100003003
C05AA06	100003384
C05AA08	100009053
C05AA09	100003003
C05AA10	100003381
C05AA11	100003382
C05AD01	100003676
C05AD02	100005411
C05AD03	100002337
C05AD04	100003025
C05AD05	100004914
C05AD06	100004621
C05AD07	100004886
C05AE01	100004510
C05AE02	100003780
C05AX05	100005557
C05BA02	100062474
C05BA03	153477714
C05BA04	100037720
C05BB01	100016759
C05BB02	100024750
C05BB03	103082460
C05BB04	100008771
C05BB05	100000996
C05BX01	100017507
C05CA01	105280805
C05CA02	105464100
C05CA03	105281613
C05CA04	105280805
C05CA05	103087722
C05CX01	100005557
C07AA01	100002119
C07AA02	100004631
C07AA03	100004828
C07AA05	100004946
C07AA06	100005478
C07AA07	100005253
C07AA12	100004411
C07AA14	100071698
C07AA15	100002583
C07AA16	100036920
C07AA17	100044112
C07AA19	100002475
C07AA23	100004724
C07AA27	100065814
C07AB01	100004883
C07AB02	100004171
C07AB03	100002249
C07AB04	100001978
C07AB05	100002369
C07AB06	100002372
C07AB07	100002405
C07AB08	100002663
C07AB09	100059768
C07AB10	100072014
C07AB11	100002249
C07AB12	100071301
C07AB13	100068770
C07AG01	100003869
C07AG02	100002585
C08CA01	100002162
C08CA02	100003333
C08CA03	100003784
C08CA04	100004473
C08CA05	100004485
C08CA06	100004497
C08CA07	100004499
C08CA08	100004507
C08CA09	100068733
C08CA10	100004494
C08CA11	100004008
C08CA12	100002296
C08CA13	100065866
C08CA14	100002752
C08CA15	100002324
C08CX01	100060662
C08DA01	100002520
C08DA02	100001234
C08DB01	100003075
C08EA01	100003336
C08EA02	100002351
C08EX01	100003926
C08EX02	100004746
C09AA01	100002550
C09AA02	100003222
C09AA03	100003937
C09AA04	100060184
C09AA05	100005038
C09AA06	100005005
C09AA07	100002311
C09AA08	100002751
C09AA09	100003419
C09AA10	100005525
C09AA11	100091736
C09AA12	100002976
C09AA13	100054889
C09AA14	100005393
C09AA15	100054797
C09AA16	100003693
C09BB10	124847846
C09CA01	100003961
C09CA02	100060878
C09CA03	100005650
C09CA04	100003749
C09CA05	100060919
C09CA06	100002541
C09CA07	100065999
C09CA08	100130881
C09XA01	100064923
C09XA02	100216209
C10AA01	100054454
C10AA02	100003962
C10AA03	100004889
C10AA04	100003403
C10AA05	100002250
C10AA06	100002676
C10AA07	100129806
C10AA08	100132804
C10AB01	100002796
C10AB02	100039042
C10AB03	153487900
C10AB04	100003463
C10AB05	100003339
C10AB06	100005217
C10AB07	100068671
C10AB08	100002763
C10AB09	100065777
C10AB10	100160134
C10AC01	170695640
C10AC02	100062816
C10AC03	100230181
C10AC04	100160051
C10AD01	100004476
C10AD02	100000937
C10AD03	100025495
C10AD04	100016098
C10AD05	100007510
C10AD06	105310993
C10AX01	100000853
C10AX02	100004912
C10AX03	100023403
C10AX05	100001662
C10AX08	100001031
C10AX09	100150311
C10BA02	109832423
D01AA01	100004568
D01AA02	100441382
D01AA03	153297363
D01AA04	100005652
D01AA06	100486300
D01AA07	100013916
D01AA08	100003512
D01AC01	100002812
D01AC02	100004189
D01AC03	100003198
D01AC04	100053015
D01AC05	100003760
D01AC06	100005430
D01AC07	100005482
D01AC08	100003823
D01AC09	100005318
D01AC10	100002378
D01AC11	100004623
D01AC12	100051754
D01AC13	100068925
D01AC14	100065863
D01AC15	100003365
D01AC16	100003401
D01AE01	100077254
D01AE02	100068050
D01AE04	100005634
D01AE05	100062705
D01AE07	100007697
D01AE08	100006258
D01AE09	100067686
D01AE10	100008365
D01AE11	100003561
D01AE12	100000338
D01AE13	100024087
D01AE14	100002749
D01AE15	100005402
D01AE16	100002168
D01AE17	100008707
D01AE18	100005510
D01AE19	100005506
D01AE21	100003366
D01AE22	100047640
D01AE23	100002484
D01BA01	100003512
D01BA02	100005402
D02AE01	100001176
D02BA01	100000227
D02BA02	100021630
D02BB01	100000573
D03AX03	100004678
D03AX04	100000988
D03AX05	100024759
D03AX10	100003230
D03BA01	105311489
D03BA02	171312240
D04AA01	100005457
D04AA02	100004992
D04AA03	100027900
D04AA04	100005587
D04AA09	100025294
D04AA10	100004927
D04AA12	100072141
D04AA13	100021855
D04AA14	100002781
D04AA15	100072075
D04AA22	100003781
D04AA32	100003100
D04AA33	100035726
D04AA34	100006475
D04AB01	100003676
D04AB02	100003025
D04AB03	100004633
D04AB04	100002337
D04AB05	100006857
D04AB06	100005411
D04AB07	100004886
D05AC01	100002202
D05AD01	100005585
D05AD02	100004114
D05AX01	100000723
D05AX02	100002522
D05AX03	100002524
D05AX04	100108127
D05AX05	100005381
D05BA01	100005585
D05BA02	100004114
D05BA03	100002355
D05BB01	100003312
D05BB02	100041317
D06AA01	151601240
D06AA02	127233777
D06AA03	144134877
D06AA04	125880664
D06AX01	100003443
D06AX02	100000298
D06AX04	100004454
D06AX05	100065281
D06AX07	100003467
D06AX08	100452550
D06AX09	100004264
D06AX10	111979535
D06AX11	100072111
D06AX12	100002142
D06AX13	106918462
D06BA01	100005214
D06BA02	100005340
D06BA03	100003998
D06BA04	100005328
D06BA05	100005333
D06BA06	100005325
D06BB01	100003687
D06BB02	100064377
D06BB03	100002022
D06BB04	100004865
D06BB05	100000804
D06BB06	100004725
D06BB07	124839946
D06BB08	100065050
D06BB09	100001814
D06BB10	100057469
D06BB11	100012620
D06BX01	100004173
D07AA01	100004159
D07AA02	100003640
D07AA03	100004894
D07AB01	100002792
D07AB02	100003642
D07AB03	100003375
D07AB04	100039034
D07AB05	100027485
D07AB06	100003384
D07AB07	100092921
D07AB08	100012536
D07AB09	100005544
D07AB10	104630253
D07AB11	100051627
D07AB19	100003003
D07AB21	100020969
D07AC01	100003003
D07AC02	100060900
D07AC03	100003000
D07AC04	100003381
D07AC05	100009053
D07AC06	100017455
D07AC07	100003392
D07AC08	100003382
D07AC09	100002462
D07AC10	100003375
D07AC11	100002133
D07AC12	100039745
D07AC13	100123620
D07AC14	100063019
D07AC15	100002307
D07AC16	100068921
D07AC17	100062924
D07AC18	100052421
D07AC19	100003060
D07AC21	100048175
D07AD01	100032797
D07AD02	100003553
D07XA01	100003640
D07XA02	100004894
D07XB01	100003375
D07XB02	100005544
D07XB03	100092921
D07XB04	100003384
D07XB05	100003003
D07XC01	100003003
D07XC02	100003000
D07XC03	100123620
D07XC04	100017455
D08AA01	100002017
D08AA02	100007019
D08AA03	100091561
D08AC01	100011974
D08AC02	100002713
D08AC03	100064949
D08AC04	100065130
D08AC05	100020977
D08AE01	100003598
D08AE02	103050404
D08AE03	100000996
D08AE04	100005564
D08AE05	100002723
D08AE06	100007017
D08AF01	100001839
D08AG02	100410087
D08AG03	100000807
D08AG04	100068295
D08AH01	100002993
D08AH02	100006301
D08AH03	100001923
D08AH30	100002788
D08AJ01	100007681
D08AJ02	100002681
D08AJ03	100002683
D08AJ04	100002681
D08AJ05	100029563
D08AJ06	100016957
D08AJ08	100002335
D08AK01	103032553
D08AK02	100007627
D08AK03	100024085
D08AK04	100008505
D08AK05	100023931
D08AK06	100005441
D08AK30	100024485
D08AL01	100024470
D08AL30	100023954
D08AX01	100000784
D08AX02	100027020
D08AX03	100001031
D08AX04	100031388
D08AX05	100003776
D08AX06	100516875
D08AX07	119105621
D08AX08	100000702
D09AA01	100004454
D09AA02	100003443
D09AA03	100001839
D09AA04	100007511
D09AA05	100008753
D09AA06	100005564
D09AA07	100002683
D09AA08	106328160
D09AA09	100410087
D09AA10	100002788
D09AA11	100007681
D09AA12	100002713
D09AA13	100006374
D10AA01	100003384
D10AA02	100004159
D10AA03	100003003
D10AB01	100002406
D10AB02	100000402
D10AB03	100072139
D10AB05	100667491
D10AD01	100005538
D10AD02	100001071
D10AD03	100060164
D10AD04	100005538
D10AD05	100041827
D10AE01	100007187
D10AF01	100002786
D10AF02	100003255
D10AF03	100000298
D10AF04	154676539
D10AX01	100024012
D10AX02	100005054
D10AX03	100002266
D10AX04	109989226
D10AX05	100002955
D10BA01	100005538
D11AC01	100002681
D11AC02	100002514
D11AC03	106326970
D11AC06	100410087
D11AC09	100021719
D11AE01	100006300
D11AH01	100005372
D11AH02	103055172
D11AH03	100002881
D11AX01	100004201
D11AX02	100003453
D11AX03	100000604
D11AX04	100065248
D11AX05	100024083
D11AX06	100009015
D11AX08	100005803
D11AX09	100000825
D11AX10	100003350
D11AX11	100000785
D11AX12	103005837
D11AX13	100007638
D11AX16	100003009
D11AX18	100003032
D11AX19	100005538
G01AA01	100004568
G01AA02	100441382
G01AA03	100001972
G01AA04	100217684
G01AA05	100000298
G01AA06	153297363
G01AA07	144134877
G01AA08	100030729
G01AA09	100486300
G01AA10	100002786
G01AA11	100266651
G01AB01	100001985
G01AC01	100003728
G01AC02	100002788
G01AC03	100006301
G01AC05	100002993
G01AC06	100002453
G01AC30	100001923
G01AD01	100000612
G01AD02	100000175
G01AD03	111020241
G01AE01	103034019
G01AF01	100004173
G01AF02	100002812
G01AF04	100004189
G01AF05	100003198
G01AF06	100028061
G01AF07	100003760
G01AF08	100005482
G01AF11	100003823
G01AF12	100051754
G01AF13	100072105
G01AF14	106446788
G01AF15	100047471
G01AF16	100068925
G01AF17	100004623
G01AF18	100003401
G01AG02	100005404
G01AX01	100021782
G01AX02	100000804
G01AX03	103050404
G01AX05	100021054
G01AX06	100003435
G01AX09	100068050
G01AX11	100410087
G01AX12	100002749
G01AX13	100068780
G02AB01	100004140
G02AB03	100003250
G02AD01	100000160
G02AD02	100000158
G02AD03	100003462
G02AD04	100441332
G02AD05	100043251
G02AD06	100042955
G02CA01	100031728
G02CA02	100004567
G02CA03	100003343
G02CB01	100002443
G02CB02	100003938
G02CB03	100002512
G02CB04	100055645
G02CB05	100004090
G02CB06	100005406
G02CC01	100003672
G02CC02	100001301
G02CC03	100012555
G02CC04	100039940
G02CX01	100068613
G03AC01	100004536
G03AC02	100005857
G03AC03	100004542
G03AC04	100018142
G03AC05	100019090
G03AC06	100010631
G03AC07	100013313
G03AC08	100040976
G03AC09	100040973
G03BA01	100003387
G03BA02	100004160
G03BA03	100005408
G03BB01	100015020
G03BB02	100000015
G03CA01	100003285
G03CA03	100000450
G03CA04	100003269
G03CA06	100011289
G03CA07	100000698
G03CA09	100071717
G03CA57	100027993
G03CB01	100003049
G03CB02	100003054
G03CB03	100010599
G03CB04	100066408
G03CC02	100003049
G03CC03	100010599
G03CC04	100000698
G03CC05	100003054
G03CC06	100003269
G03CX01	100005470
G03DA01	100102210
G03DA02	100010631
G03DA03	100006238
G03DA04	100004920
G03DB01	100003181
G03DB02	100019090
G03DB03	100013790
G03DB04	100068783
G03DB05	100093057
G03DB06	100016065
G03DB07	100036709
G03DC01	100002096
G03DC02	100004536
G03DC03	100005857
G03DC04	100003288
G03DC06	100014687
G03DC31	100010576
G03EK01	100004160
G03GA04	100062819
G03GB01	100002898
G03GB02	100002800
G03GB03	100015121
G03HA01	100003015
G03XA01	100002949
G03XA02	100027812
G03XB01	100004196
G03XC01	100005035
G03XC02	100154256
G04BA01	100025517
G04BA03	100000206
G04BD01	100034055
G04BD02	100003354
G04BD03	100071679
G04BD04	100004634
G04BD05	100023479
G04BD06	100004942
G04BD07	100005512
G04BD08	100154058
G04BD09	100005596
G04BD10	100072054
G04BD11	106918558
G04BE01	100000214
G04BE02	100004680
G04BE03	100005212
G04BE04	100002866
G04BE05	100005775
G04BE06	100004260
G04BE07	100002215
G04BE08	100110635
G04BE09	100110634
G04BX01	100014791
G04BX03	100001990
G04BX06	100004756
G04BX10	100011439
G04BX11	106913668
G04BX12	100008361
G04BX13	100000679
G04BX14	100071352
G04CA01	100002092
G04CA02	100060146
G04CA03	100005401
G04CA04	100656628
G04CB01	100003350
G04CB02	100152945
G04CX03	100486300
H01AA01	116132265
H01AA02	116129617
H01AB01	100032281
H01AC04	116129620
H01BA01	111979316
H01BA02	100027991
H01BA03	100005772
H01BA04	100072081
H01BA05	100018830
H01BA06	100008230
H01BB01	100008229
H01BB02	100005771
H01BB03	110440987
H01CA01	100036523
H01CA02	125077405
H01CA03	125077993
H01CB01	116129681
H01CB02	100054373
H01CB03	100071348
H01CB04	100071306
H01CC01	116130957
H01CC02	125074886
H02AA01	100005839
H02AA02	100031378
H02AA03	100006166
H02AB01	100003003
H02AB02	100003003
H02AB03	100009053
H02AB04	100004159
H02AB05	100005875
H02AB06	100004894
H02AB07	100004900
H02AB08	100005544
H02AB09	100003640
H02AB10	100222786
H02AB11	100011740
H02AB12	100039507
H02AB13	100026709
H02AB14	100021320
H02AB15	100004063
H02AB17	100066249
H02CA01	100535161
H03AA01	100000853
H03AA02	100000861
H03AA04	100005803
H03BA01	100667493
H03BA02	100657298
H03BA03	100198125
H03BB01	100031072
H03BB02	101349907
H03BC01	100516900
H03BX01	100006181
H03BX02	100010833
H04AA01	116132283
H05AA02	116129682
H05AA03	103325225
H05BA01	116129616
H05BA02	116129616
H05BA03	116129616
H05BA04	116129700
H05BX01	100156418
H05BX02	100077996
H05BX03	104479094
J01AA01	151601240
J01AA02	125880656
J01AA03	127233777
J01AA04	154687131
J01AA05	128412038
J01AA06	144134877
J01AA07	125880664
J01AA08	126275995
J01AA09	151537605
J01AA10	154686187
J01AA11	154680675
J01AA12	154681041
J01BA01	100000298
J01BA02	100005433
J01CA01	100002173
J01CA02	100033477
J01CA03	100002559
J01CA04	100002171
J01CA05	100002575
J01CA06	100002282
J01CA07	100071392
J01CA08	100004857
J01CA09	100002270
J01CA10	100040027
J01CA11	100036273
J01CA12	100004834
J01CA13	100005471
J01CA14	100004083
J01CA15	100005373
J01CA16	100005317
J01CA17	100115066
J01CA18	100003595
J01CE01	100002349
J01CE02	100004730
J01CE03	100065039
J01CE04	100071886
J01CE05	100004758
J01CE06	100013795
J01CE07	100071807
J01CE08	100015232
J01CE09	100022502
J01CE10	100064725
J01CF01	100003040
J01CF02	100002813
J01CF03	100004102
J01CF04	100004607
J01CF05	100003364
J01CG01	100005316
J01CG02	100004836
J01CR04	100002175
J01DB01	100002666
J01DB02	100002611
J01DB03	100002612
J01DB04	100002617
J01DB05	100002610
J01DB06	100071736
J01DB07	100004948
J01DB08	100002616
J01DB09	100002673
J01DB10	100031726
J01DB11	100002647
J01DB12	100002653
J01DC01	100002637
J01DC02	100002658
J01DC03	100002613
J01DC04	100002609
J01DC05	100050614
J01DC06	100043592
J01DC07	100002635
J01DC08	100003956
J01DC09	100002625
J01DC10	100002646
J01DC11	100043507
J01DD01	100002631
J01DD02	100002650
J01DD03	100002648
J01DD04	100002656
J01DD05	100002624
J01DD06	100003889
J01DD07	100002655
J01DD08	100002675
J01DD09	100002628
J01DD10	100123891
J01DD11	100002642
J01DD12	100002629
J01DD13	100054547
J01DD14	100002654
J01DD15	106398970
J01DD16	100444006
J01DD17	100065983
J01DE01	100002622
J01DE02	100443082
J01DE03	100002639
J01DF01	100002274
J01DH02	100060706
J01DH03	100150610
J01DH04	100073303
J01DH05	100071339
J01DI01	106918438
J01EA01	100005578
J01EA02	100068760
J01EA03	100213043
J01EB01	100005343
J01EB02	100005328
J01EB03	100005327
J01EB04	100005336
J01EB05	100005344
J01EB06	100005333
J01EB07	100005340
J01EB08	103000579
J01EC01	100005329
J01EC02	100005215
J01EC03	100012894
J01ED01	100005323
J01ED02	100009047
J01ED03	100019596
J01ED04	100005326
J01ED05	100005330
J01ED06	100068933
J01ED07	100005325
J01ED08	100005335
J01ED09	100187764
J01EE01	100358641
J01EE04	100064937
J01FA01	100003255
J01FA02	100005266
J01FA03	100290482
J01FA05	100004587
J01FA06	100005106
J01FA07	100003804
J01FA08	100017675
J01FA09	100054688
J01FA10	100002269
J01FA11	100041653
J01FA12	100005091
J01FA13	100462481
J01FA14	100071260
J01FA15	100073658
J01FF01	100002786
J01FF02	100003928
J01FG01	111979535
J01FG02	144398818
J01GA01	100005297
J01GB01	100005496
J01GB03	100003467
J01GB04	100000815
J01GB05	100004454
J01GB06	100002142
J01GB07	100004460
J01GB08	100005224
J01GB09	100003021
J01GB10	100005066
J01GB11	100003755
J01GB12	100002226
J01MA01	100004583
J01MA02	100002764
J01MA03	100051081
J01MA04	100003229
J01MA05	100060020
J01MA06	100004539
J01MA07	100003948
J01MA08	100003357
J01MA09	100005257
J01MA10	100058258
J01MA11	100072474
J01MA12	100004583
J01MA13	100062959
J01MA14	100004259
J01MA15	100072938
J01MA16	100005379
J01MA17	100065947
J01MA18	100065957
J01MA19	100124093
J01MB01	100287180
J01MB02	100004421
J01MB03	100004855
J01MB04	100004831
J01MB05	100004628
J01MB06	100002762
J01MB07	100003374
J01XA01	100005651
J01XA02	116131294
J01XA03	103081362
J01XA04	144567678
J01XA05	116129632
J01XB01	144565928
J01XB02	100004868
J01XC01	100003443
J01XD01	100004173
J01XD02	100005479
J01XD03	100028061
J01XE01	100004509
J01XE02	103033989
J01XX01	100003417
J01XX02	100072144
J01XX03	100002799
J01XX04	100002021
J01XX05	100004101
J01XX06	100001292
J01XX07	100019910
J01XX08	100003929
J01XX09	116129629
J01XX10	100065281
J02AA01	100001972
J02AA02	153297363
J02AB01	100004189
J02AB02	100003823
J02AC01	100003365
J02AC02	100003793
J02AC03	100071616
J02AC04	100147912
J02AX01	100003366
J02AX04	100123623
J02AX05	100477468
J02AX06	100166548
J04AA01	100004649
J04AA02	100004649
J04AB01	100000401
J04AB02	105381226
J04AB03	100023429
J04AB04	105361912
J04AB05	106323497
J04AB30	100002547
J04AC01	100003767
J04AD01	100666418
J04AD02	103001386
J04AD03	102761171
J04AK01	100001046
J04AK02	100003279
J04AK03	100065720
J04AK04	100070374
J04BA01	100002794
J04BA02	100002955
J04BA03	100005351
J05AA01	105357051
J05AB01	100002022
J05AB02	100003687
J05AB03	100000191
J05AB04	100005064
J05AB06	100003454
J05AB09	100003324
J05AB11	100005647
J05AB12	100060613
J05AB13	100004725
J05AB14	100064147
J05AB15	100003183
J05AC02	100005071
J05AC03	100064377
J05AD01	100003414
J05AD02	100000546
J05AE01	100060787
J05AE02	100003706
J05AE03	100005076
J05AE04	100004451
J05AE05	100002177
J05AE06	100003817
J05AE07	100131535
J05AE08	100148192
J05AE09	100163296
J05AE10	100213039
J05AF01	100005726
J05AF02	100003043
J05AF03	100005718
J05AF04	100005155
J05AF05	100003877
J05AF06	100001971
J05AF07	100119830
J05AF08	100060871
J05AF09	100060877
J05AF10	100153941
J05AF11	100001134
J05AF12	100072327
J05AG01	100004463
J05AG02	100005625
J05AG03	100003203
J05AG04	100193962
J05AH01	100005721
J05AH02	100004603
J05AR07	115979285
J05AX01	100071655
J05AX02	124839946
J05AX05	100037510
J05AX06	100001684
J05AX07	116130199
J05AX08	123668479
J05AX09	100483407
J05AX10	100122872
J07AM01	100009283
L01AA01	100002907
L01AA02	100002708
L01AA03	100004053
L01AA05	100004033
L01AA06	100003690
L01AA07	100065702
L01AA08	100034457
L01AA09	100065628
L01AB01	100002478
L01AB02	100009296
L01AB03	100024140
L01AC01	100005453
L01AC02	100006235
L01AC03	100002569
L01AD01	100002578
L01AD02	100003950
L01AD03	100005198
L01AD04	100005300
L01AD05	100104799
L01AD06	100039214
L01AD07	100071741
L01AG01	100016058
L01AX01	100004208
L01AX02	100004842
L01AX03	100005394
L01AX04	105281007
L01BA01	100004112
L01BA03	100104758
L01BA04	100060843
L01BA05	100148121
L01BB02	100667490
L01BB03	102723601
L01BB04	100001546
L01BB05	100003367
L01BB06	100119182
L01BB07	100096312
L01BC01	100000596
L01BC02	100003385
L01BC03	100005386
L01BC04	100002577
L01BC05	100003461
L01BC06	100060953
L01BC07	100001805
L01BC08	100016886
L01CA01	100013342
L01CA02	100005978
L01CA03	100040839
L01CA04	100005672
L01CA05	100157688
L01CB01	100003310
L01CB02	100005396
L01CC01	100002832
L01CD01	100004666
L01CD02	100003143
L01CD03	123724978
L01CX01	100003199
L01DA01	100002019
L01DB01	100001690
L01DB02	100002958
L01DB03	100001690
L01DB04	100002008
L01DB05	100037465
L01DB06	100003685
L01DB07	100004212
L01DB08	100004844
L01DB09	100041744
L01DC01	100072466
L01DC02	100029051
L01DC03	100005746
L01DC04	106445540
L01XA01	100002767
L01XA02	100038904
L01XA03	100004609
L01XA04	106918220
L01XB01	100004915
L01XC06	156842117
L01XC10	105488383
L01XD01	103086257
L01XD03	100157921
L01XD04	100000137
L01XD05	100060751
L01XD06	100122335
L01XE01	100005291
L01XE02	100123631
L01XE03	100176870
L01XE04	103086686
L01XE05	100216239
L01XE06	103062316
L01XE07	100208908
L01XE08	100644241
L01XE09	100148191
L01XE10	106442177
L01XE11	110113978
L01XX01	100002179
L01XX03	100002123
L01XX05	100003657
L01XX07	100039562
L01XX08	100004739
L01XX09	100003599
L01XX10	100004534
L01XX11	100018140
L01XX14	100005538
L01XX16	100009991
L01XX17	100005515
L01XX18	100100788
L01XX19	100003750
L01XX22	100005538
L01XX23	100004211
L01XX25	100082146
L01XX27	100014888
L01XX32	100093860
L01XX33	100002662
L01XX35	100002182
L01XX38	100005311
L01XX39	100003425
L02AA01	100003054
L02AA02	100000450
L02AA03	100003285
L02AA04	100003416
L02AB01	100019090
L02AB02	100010631
L02AB03	100102210
L02AE01	100042615
L02AE02	100003911
L02AE03	100047725
L02AE04	125074470
L02BA01	100005376
L02BA02	100005516
L02BA03	100104741
L02BB01	100003397
L02BB02	100004493
L02BB03	100002375
L02BG01	100002145
L02BG02	100003408
L02BG03	100002187
L02BG04	100003902
L02BG05	100060796
L02BG06	100060198
L02BX01	116131215
L02BX02	116136245
L03AA03	100000119
L03AB05	171306834
L03AX01	124839895
L03AX02	140563218
L03AX05	100065944
L03AX07	100032744
L03AX08	100431963
L03AX09	100050587
L03AX13	103081884
L03AX14	100000774
L03AX15	105479141
L03AX16	100065014
L04AA02	100083030
L04AA06	100004272
L04AA10	100005040
L04AA13	100003899
L04AA18	106442177
L04AA19	100055361
L04AB03	100122225
L04AC05	100121749
L04AC06	156603701
L04AD01	100002909
L04AD02	100005372
L04AX01	100002265
L04AX02	100005426
L04AX03	100004112
L04AX04	100216326
M01AA01	100004781
M01AA02	100016639
M01AA03	100004641
M01AA05	100005029
M01AA06	100003824
M01AB01	100003715
M01AB02	100005352
M01AB03	100005508
M01AB04	100005733
M01AB05	100003032
M01AB06	100030951
M01AB07	100019161
M01AB08	100003308
M01AB09	100068706
M01AB10	100028871
M01AB11	100001981
M01AB12	100100472
M01AB13	100033675
M01AB14	100004921
M01AB15	100003826
M01AB16	100071771
M01AB17	100002466
M01AC01	123690938
M01AC02	151508717
M01AC04	100065679
M01AC05	154690031
M01AC06	100004051
M01AE01	100003672
M01AE02	100001301
M01AE03	100003825
M01AE04	100003342
M01AE05	100003335
M01AE06	100039941
M01AE07	100005359
M01AE08	100035935
M01AE09	100003394
M01AE10	100003718
M01AE11	100005468
M01AE12	100004614
M01AE13	100068704
M01AE14	100003672
M01AE15	100039940
M01AE16	100002097
M01AE17	100003825
M01AG01	100004044
M01AG02	100610479
M01AG03	100003371
M01AG04	100004036
M01AH01	100002662
M01AH02	100005090
M01AH03	100119607
M01AH04	100119828
M01AH05	100123619
M01AH06	100151166
M01AX01	100004409
M01AX02	100004488
M01AX04	100026098
M01AX05	100000739
M01AX07	100012555
M01AX13	100031508
M01AX17	100004495
M01AX18	100035455
M01AX21	100026248
M01AX22	100072106
M01AX23	123663989
M01AX24	100000825
M01AX25	100024766
M01CA03	100010239
M01CB01	100022318
M01CB02	100025048
M01CB03	106333887
M01CB04	100006104
M01CB05	110452965
M01CC01	100004727
M01CC02	100002459
M02AA01	100004781
M02AA02	100016639
M02AA03	100005029
M02AA04	100004641
M02AA05	100012555
M02AA06	100035375
M02AA07	123690938
M02AA08	100003332
M02AA09	100002466
M02AA10	100003825
M02AA11	100002313
M02AA12	100001301
M02AA13	100003672
M02AA14	100028871
M02AA15	100003032
M02AA16	100035455
M02AA17	100004488
M02AA18	100004036
M02AA19	100003394
M02AA21	100005508
M02AA22	100005362
M02AA23	100003715
M02AA24	100004487
M02AA25	100071771
M02AB01	100002548
M02AB02	100002548
M02AX02	100005504
M02AX03	100000679
M03AA01	103032788
M03AA02	100001210
M03AA04	100014954
M03AB01	100005314
M03AC01	100004675
M03AC02	100003450
M03AC03	100039764
M03AC04	100047319
M03AC05	100003601
M03AC06	100050190
M03AC07	100060168
M03AC08	100135021
M03AC09	100060695
M03AC10	100071316
M03AC11	100047320
M03BA01	100004770
M03BA02	100002576
M03BA03	100004107
M03BA04	100007186
M03BA05	100025803
M03BB02	100002717
M03BB03	100002733
M03BC01	100004601
M03BX01	100002284
M03BX02	100005487
M03BX03	100004904
M03BX04	100005511
M03BX05	100072067
M03BX06	100004059
M03BX07	100025215
M03BX08	100002895
M03BX09	100003236
M03BX30	100009469
M03CA01	100002951
M04AA01	100002094
M04AA02	100667510
M04AA03	100134018
M04AB01	100004911
M04AB02	100005342
M04AB03	100002333
M04AB04	100068953
M04AC01	100002833
M04AC02	100008593
M04AX01	100102258
M05BA01	100003305
M05BA02	100025419
M05BA03	100004673
M05BA04	100002088
M05BA05	100060936
M05BA06	100060852
M05BA07	100005245
M05BA08	100068740
M05BX01	100003747
M05BX02	106328160
M05BX03	106918182
M09AA01	100003649
M09AX01	100024759
N01AA01	100003283
N01AA02	100008024
N01AB01	100003562
N01AB02	100006212
N01AB04	100003226
N01AB05	100006575
N01AB06	100003763
N01AB07	100042113
N01AB08	100005206
N01AF01	100009034
N01AF02	100003608
N01AF03	103000715
N01AG01	100018735
N01AH01	100003345
N01AH02	100051263
N01AH03	100041693
N01AH04	100011226
N01AH05	100008944
N01AH06	100060814
N01AX01	100003168
N01AX03	100003821
N01AX04	100015004
N01AX05	100068930
N01AX07	100036339
N01AX10	100004943
N01AX11	100010413
N01AX13	100000948
N01AX14	100003821
N01AX15	100023991
N01BA01	100011114
N01BA02	100004914
N01BA03	100005411
N01BA04	100008612
N01BA05	100002337
N01BB01	100002474
N01BB02	100003676
N01BB03	100004062
N01BB04	100004906
N01BB05	100022378
N01BB06	100003025
N01BB07	100037497
N01BB08	100032169
N01BB09	100071273
N01BB10	100002474
N01BC01	100002826
N01BX01	100006337
N01BX02	100003180
N01BX03	100000996
N01BX04	100002548
N02AA01	100004253
N02AA03	100003648
N02AA04	100166031
N02AA05	100004635
N02AA08	100003063
N02AA09	100003592
N02AA10	124840907
N02AB01	100010101
N02AB02	100004058
N02AB03	100003345
N02AC01	100009648
N02AC03	100009331
N02AC04	100010100
N02AC05	100061791
N02AD01	100004736
N02AD02	100014706
N02AE01	100002476
N02AF01	100002487
N02AF02	100004419
N02AX01	100030131
N02AX02	100005523
N02AX03	100040841
N02AX05	100041049
N02AX06	106433091
N02BA01	100002244
N02BA03	154686350
N02BA04	100000338
N02BA05	100005147
N02BA06	100005161
N02BA07	100003282
N02BA08	100120183
N02BA09	100068093
N02BA10	100021102
N02BA11	100003059
N02BA12	100000338
N02BA14	100068749
N02BA15	100021975
N02BA16	100037425
N02BB01	100002206
N02BB02	100003110
N02BB03	100006009
N02BB04	100003778
N02BB05	100004487
N02BE01	100001983
N02BE03	100004754
N02BE04	100014130
N02BE05	100068865
N02BG02	100071939
N02BG03	100003474
N02BG04	100003360
N02BG05	100065697
N02BG06	100004450
N02BG07	100053275
N02BG08	116129690
N02BG09	100004116
N02BG10	109852188
N02CA01	100003066
N02CA02	100003251
N02CA04	100004163
N02CA07	100003938
N02CB01	100071881
N02CC01	100005358
N02CC02	100004440
N02CC03	100005731
N02CC04	100005078
N02CC05	100123606
N02CC06	100077993
N02CC07	100077992
N02CX01	100027400
N02CX02	100002803
N02CX03	105354434
N02CX05	100003089
N02CX06	100036845
N03AA01	100008271
N03AA02	100004763
N03AA03	100004909
N03AA04	100071196
N03AA30	100004099
N03AB01	100003292
N03AB02	100001775
N03AB04	100004060
N03AB05	100056338
N03AC01	100008280
N03AC02	100005576
N03AC03	100010630
N03AD01	100003291
N03AD02	100006839
N03AD03	100006476
N03AE01	100002802
N03AF01	100002554
N03AF02	100034312
N03AF03	100129228
N03AF04	100114709
N03AG01	100003121
N03AG02	100071113
N03AG03	100000119
N03AG04	100005665
N03AG05	105361323
N03AG06	100005466
N03AX03	100005356
N03AX07	100004753
N03AX09	100003878
N03AX10	100003331
N03AX11	100005514
N03AX12	100003446
N03AX13	100072060
N03AX14	100059708
N03AX15	100005734
N03AX16	100125889
N03AX17	100039524
N03AX18	100219078
N03AX19	106918474
N03AX30	100010391
N04AA01	100005572
N04AA02	100002381
N04AA03	100004167
N04AA04	100004919
N04AA05	100003290
N04AA08	100021846
N04AA09	100102668
N04AA10	100004019
N04AA11	100030160
N04AA12	100072148
N04AB01	100003100
N04AB02	100004601
N04AC01	100002344
N04AC30	100071637
N04BA01	100000836
N04BA04	100023497
N04BB01	100002130
N04BC01	100002443
N04BC02	100004745
N04BC03	100114948
N04BC04	100005095
N04BC05	100004885
N04BC06	100002512
N04BC07	100002215
N04BC08	100004850
N04BC09	100057537
N04BD01	100005195
N04BD02	100122316
N04BX01	104659569
N04BX02	104659568
N04BX03	100068778
N05AA01	100002726
N05AA02	100003916
N05AA03	100004926
N05AA04	100006077
N05AA05	100005568
N05AA06	100062865
N05AA07	100065750
N05AB01	100017182
N05AB02	100003372
N05AB03	100004748
N05AB04	100004917
N05AB05	100006762
N05AB06	100005566
N05AB07	100017676
N05AB08	100009429
N05AB09	100012598
N05AB10	100004744
N05AC01	100004747
N05AC02	100005452
N05AC03	100004078
N05AC04	100062867
N05AD01	100003559
N05AD02	100005567
N05AD03	100015386
N05AD04	100004249
N05AD05	100004830
N05AD06	100002448
N05AD07	100016363
N05AD08	100003168
N05AD09	100015139
N05AE01	100004640
N05AE02	100023897
N05AE03	100060149
N05AE04	100060853
N05AF01	100017011
N05AF02	100012453
N05AF03	100002729
N05AF04	100005454
N05AF05	100012453
N05AG01	100003396
N05AG02	100016362
N05AG03	100033630
N05AH01	100003964
N05AH02	100002818
N05AH03	100004585
N05AH04	100005002
N05AH05	100156326
N05AH06	100016351
N05AL01	100005355
N05AL02	100005357
N05AL03	100005467
N05AL04	100051767
N05AL05	100002159
N05AL06	100047979
N05AL07	100005355
N05AN01	100028486
N05AX07	100014669
N05AX08	100005073
N05AX10	100004257
N05AX11	100005736
N05AX12	100060795
N05AX13	100115237
N05BA01	100003016
N05BA02	100002712
N05BA03	100004041
N05BA04	100004616
N05BA06	100003958
N05BA07	100037632
N05BA08	100002441
N05BA09	100002789
N05BA10	100033746
N05BA11	100004890
N05BA12	100002118
N05BA13	100031640
N05BA14	100040391
N05BA15	100037367
N05BA16	100002997
N05BA17	100003369
N05BA18	100003299
N05BA19	100003307
N05BA21	100002811
N05BA22	100002816
N05BA23	100005502
N05BB01	100003658
N05BB02	100010240
N05BC01	100004064
N05BC03	100006526
N05BC04	100006151
N05BD01	100028425
N05BE01	100002477
N05BX01	100006257
N05BX02	100219095
N05BX03	100030768
N05CA01	100004737
N05CA02	100002163
N05CA03	100006473
N05CA04	100002294
N05CA05	100006464
N05CA06	100005193
N05CA07	100008275
N05CA08	100072135
N05CA09	100031319
N05CA10	100005838
N05CA11	100010518
N05CA12	100019254
N05CA15	100009034
N05CA16	100003608
N05CA19	103000715
N05CA21	100005842
N05CA22	100017336
N05CC01	100002707
N05CC02	100019094
N05CC04	100010188
N05CC05	100031264
N05CD01	100003393
N05CD02	100004506
N05CD03	100003380
N05CD04	100003261
N05CD05	100005556
N05CD06	100013314
N05CD07	100005391
N05CD08	100004192
N05CD09	100002451
N05CD10	100004999
N05CD11	100062179
N05CD12	100038668
N05CD13	103033621
N05CE01	100003487
N05CE02	100004162
N05CE03	100004994
N05CF01	100005735
N05CF02	100005732
N05CF03	100005719
N05CF04	100005735
N05CH01	100000896
N05CH02	100208902
N05CM01	100006292
N05CM02	100010783
N05CM03	100002447
N05CM04	100006488
N05CM05	100005184
N05CM06	100004940
N05CM07	100005563
N05CM08	100003281
N05CM10	100009661
N05CM12	100010715
N05CM13	100020140
N05CM15	100006494
N05CM16	100071919
N05CM18	100060612
N06AA01	100002995
N06AA02	100003696
N06AA03	100065589
N06AA04	100002801
N06AA05	100009417
N06AA06	100005584
N06AA07	100003947
N06AA08	100009418
N06AA09	100002160
N06AA10	100004543
N06AA11	100004976
N06AA12	100003158
N06AA13	100021722
N06AA14	100025381
N06AA15	100021771
N06AA16	100003155
N06AA17	100002170
N06AA18	100094279
N06AA19	100034869
N06AA21	100004011
N06AA23	100093154
N06AB02	100041987
N06AB03	100003386
N06AB04	100002771
N06AB05	100004691
N06AB06	100005203
N06AB07	100002081
N06AB08	100003404
N06AB09	100040589
N06AB10	100002771
N06AF01	100003759
N06AF02	100004472
N06AF03	100003675
N06AF04	100005530
N06AF05	100003748
N06AF06	100019063
N06AG02	100004235
N06AG03	100034521
N06AX01	100000144
N06AX02	100001148
N06AX03	100004184
N06AX04	100004528
N06AX05	100005533
N06AX06	100004449
N06AX07	100004199
N06AX08	100002377
N06AX09	100005666
N06AX10	100432824
N06AX11	100004205
N06AX12	100000444
N06AX13	100036109
N06AX14	100068870
N06AX15	100068888
N06AX16	100005656
N06AX17	100055480
N06AX18	100065856
N06AX19	100055190
N06AX21	100060834
N06AX22	100082148
N06AX23	100125017
N06BA01	100003007
N06BA02	100003007
N06BA03	100001206
N06BA04	100004158
N06BA05	100004723
N06BA06	100014584
N06BA07	100004236
N06BA08	100071682
N06BA09	100054840
N06BA10	100019527
N06BA11	100004158
N06BC01	100002519
N06BC02	100004938
N06BX01	100004039
N06BX02	100014190
N06BX03	100004843
N06BX04	100007902
N06BX05	100003351
N06BX06	100000291
N06BX07	100004626
N06BX08	100065782
N06BX09	100003932
N06BX10	100004514
N06BX11	100002196
N06BX12	100000001
N06BX13	100003686
N06BX14	100014591
N06BX15	100010083
N06BX16	100051711
N06BX17	103033226
N06BX18	100005673
N06DA01	100001935
N06DA02	100003152
N06DA03	100005077
N06DA04	100003449
N06DX01	100004054
N06DX02	100002719
N07AA01	100004456
N07AA02	100004991
N07AA03	100003116
N07AA30	100002131
N07AB01	100002551
N07AB02	100002370
N07AX01	100004819
N07AX02	100000823
N07AX03	100002684
N07BA01	100000942
N07BA03	100170361
N07BB01	100003117
N07BB02	106335910
N07BB03	100071158
N07BB04	100004428
N07BC01	100002476
N07BC02	100004095
N07BC03	100010517
N07BC04	100030667
N07CA01	100002366
N07CA02	100002761
N07CA03	100003377
N07CA04	100001995
N07XX01	100060516
N07XX02	100005070
N07XX03	100128918
N07XX04	100010413
N07XX05	100005918
N07XX06	100006018
P01AA01	100002453
P01AA02	100002788
P01AA04	100006301
P01AA05	100065592
P01AB01	100004173
P01AB02	100005479
P01AB03	100028061
P01AB04	100072105
P01AB05	106446788
P01AB06	100023009
P01AB07	100071815
P01AC01	100011367
P01AC02	100071819
P01AC03	100065718
P01AC04	100021723
P01AR01	100008414
P01AR02	100077197
P01AR03	116682839
P01AX01	103084033
P01AX02	100009425
P01AX04	100006764
P01AX05	100000237
P01AX06	100074989
P01AX07	100005582
P01AX08	100019646
P01AX09	100017557
P01AX10	100003430
P01AX11	100041684
P01BA01	100002719
P01BA02	100003652
P01BA03	100004908
P01BA06	100002165
P01BB01	100004923
P01BB02	100011870
P01BC01	100001065
P01BC02	100004046
P01BD01	100004993
P01BE01	100002240
P01BE02	100068911
P01BE03	100065664
P01BE04	100072416
P01BE05	100107770
P01BX01	100037392
P01CA02	100031593
P01CB01	100064953
P01CB02	116683012
P01CC01	100031772
P01CC02	100001839
P01CD01	100010311
P01CD02	100001985
P01CX01	100008813
P01CX02	100005360
P01CX03	100003009
P02BA01	100004891
P02BA02	100004612
P02BB01	100005853
P02BX01	100002406
P02BX02	100006093
P02BX03	106328604
P02BX04	100050248
P02CA01	100004030
P02CA02	100005430
P02CA03	100002082
P02CA04	100035803
P02CA05	100035802
P02CA06	100003334
P02CB01	100004837
P02CB02	100003052
P02CC01	100004989
P02CC02	100037475
P02CE01	100003913
P02CF01	106435110
P02CX01	100022525
P02CX02	100019667
P02DA01	100004477
P02DX01	100008238
P02DX02	100003037
P03AA01	100010404
P03AA02	100162263
P03AA03	100667491
P03AA04	100003117
P03AA05	100005455
P03AB01	100003036
P03AB02	100000727
P03AC01	106443098
P03AC02	100011442
P03AC03	100004767
P03AC04	100040159
P03AX01	100002345
P03AX03	100004004
P03BA01	100050153
P03BA02	100002912
P03BA03	100002982
P03BA04	100024365
P03BX01	100004284
P03BX02	100008554
P03BX03	119710891
R01AA02	100007608
R01AA03	100005032
R01AA04	100004782
R01AA05	100004636
R01AA06	100005419
R01AA07	100005709
R01AA08	100004436
R01AA09	100005524
R01AA10	100028688
R01AA11	100005603
R01AA12	100071898
R01AA13	100034153
R01AA14	100000838
R01AB01	100004782
R01AB02	100004436
R01AB03	100005419
R01AB05	100005032
R01AB06	100005709
R01AB07	100004636
R01AB08	100005603
R01AC01	100002881
R01AC02	100003915
R01AC03	100002267
R01AC04	100002200
R01AC05	100210320
R01AC06	100005457
R01AC07	100050294
R01AC08	100060864
R01AD01	100002307
R01AD02	100004894
R01AD03	100003003
R01AD04	100003379
R01AD05	100002462
R01AD06	100003003
R01AD07	100041477
R01AD08	100062924
R01AD09	100123620
R01AD11	100005544
R01AD12	109854489
R01AX02	100001071
R01AX03	100003746
R01AX05	100065787
R01AX06	100004264
R01AX07	100065130
R01AX08	100004454
R01AX09	100024759
R01BA01	100004786
R01BA02	100005032
R01BA03	100004782
R02AA01	101549157
R02AA02	100002993
R02AA03	100025493
R02AA05	100002713
R02AA06	100002683
R02AA09	100002335
R02AA11	100006301
R02AA12	100003610
R02AA13	100002016
R02AA14	100001923
R02AA15	100410087
R02AA16	100007681
R02AA17	100002681
R02AA18	100065130
R02AA19	100000996
R02AB01	100004454
R02AB02	100452550
R02AB03	100003227
R02AB04	100065281
R02AB30	100073357
R02AD01	100002337
R02AD02	100003676
R02AD03	100002826
R02AD04	100003180
R02AX01	100003394
R03AA01	100000838
R03AB02	100003779
R03AB03	100004086
R03AC02	100002083
R03AC03	100005403
R03AC04	100003343
R03AC05	100036283
R03AC06	100003609
R03AC07	100003762
R03AC08	100004845
R03AC09	100005581
R03AC10	100036975
R03AC11	100005606
R03AC12	100005152
R03AC13	100003410
R03AC14	100002783
R03AC15	100025654
R03AC16	100004916
R03AC17	100035329
R03AC18	106433117
R03BA01	100002307
R03BA02	100002462
R03BA03	100003379
R03BA04	100003003
R03BA05	100062924
R03BA06	100005544
R03BA07	100123620
R03BA08	100444033
R03BB01	100003746
R03BB02	100004627
R03BB04	100060830
R03BC01	100002881
R03BC03	100050294
R03BX01	100003344
R03CA02	100005032
R03CB01	100003779
R03CB02	100004117
R03CB03	100004086
R03CC02	100002083
R03CC03	100005403
R03CC04	100003343
R03CC05	100003609
R03CC06	100003762
R03CC07	100004845
R03CC08	100004916
R03CC09	100005581
R03CC10	100036975
R03CC11	100005606
R03CC12	100054765
R03CC13	100002783
R03CC14	100025654
R03DA01	100003182
R03DA02	100020585
R03DA03	100004977
R03DA04	100002153
R03DA05	100009433
R03DA06	100028328
R03DA07	100005429
R03DA08	100016229
R03DA09	100087819
R03DA10	100021850
R03DA11	100050942
R03DC01	100005717
R03DC02	100004887
R03DC03	100004248
R03DC04	100003671
R03DX01	100002161
R03DX02	100122553
R03DX03	100003344
R03DX06	100002449
R03DX07	100449193
R05CA01	100071388
R05CA02	100004875
R05CA03	100003516
R05CA07	116683083
R05CA08	100000460
R05CA09	100004874
R05CA11	100029025
R05CB01	100000581
R05CB02	100002442
R05CB03	100001080
R05CB04	100003245
R05CB05	100000598
R05CB06	100002132
R05CB07	100036089
R05CB08	100043814
R05CB09	100068707
R05CB11	100054120
R05CB12	100005483
R05CB14	103047787
R05CB15	100065632
R05DA01	100003303
R05DA03	100022258
R05DA04	100002828
R05DA06	100010090
R05DA07	100004544
R05DA08	100521308
R05DA09	100003008
R05DA10	100010075
R05DA11	100003079
R05DA12	100520915
R05DB01	100007699
R05DB02	100002326
R05DB03	100026937
R05DB04	100006481
R05DB05	100002562
R05DB07	100013738
R05DB09	100004619
R05DB10	100002795
R05DB11	100022424
R05DB12	100071954
R05DB13	100028891
R05DB14	100031796
R05DB15	100036909
R05DB16	100021721
R05DB17	100208903
R05DB18	100120507
R05DB19	100003169
R05DB21	100002805
R05DB22	100071195
R05DB23	100006465
R05DB24	100005484
R05DB25	100035949
R05DB26	103047788
R05DB27	100003169
R05DB28	100010609
R06AA01	100002444
R06AA02	100003100
R06AA04	100002781
R06AA06	100006475
R06AA07	100003103
R06AA08	100002564
R06AA09	100003162
R06AB01	100006834
R06AB02	100002725
R06AB03	100021855
R06AB04	100002725
R06AB05	100004761
R06AB06	100006834
R06AB07	100065624
R06AC01	100004992
R06AC02	100068122
R06AC03	100025294
R06AC04	100005587
R06AC05	100004098
R06AC06	100005457
R06AD01	100005574
R06AD02	100004927
R06AD03	100005440
R06AD04	100014676
R06AD07	100004066
R06AD08	100019396
R06AD09	100003781
R06AE01	100006729
R06AE03	100006726
R06AE04	100002710
R06AE05	100004034
R06AE06	100004615
R06AE07	100002678
R06AE09	100002678
R06AX01	100072075
R06AX02	100002913
R06AX03	100027900
R06AX04	100011290
R06AX05	100002200
R06AX07	100005588
R06AX08	100008668
R06AX09	100019861
R06AX11	100002247
R06AX12	100005405
R06AX13	100003957
R06AX15	100022530
R06AX16	100016575
R06AX17	100003827
R06AX18	100055756
R06AX19	100002267
R06AX21	100072145
R06AX22	100003191
R06AX23	100004822
R06AX24	100003241
R06AX25	100065906
R06AX26	100003348
R06AX27	100124087
R06AX28	100133016
R07AA01	100006138
R07AB01	100003156
R07AB02	100005497
R07AB03	100005917
R07AB04	100009363
R07AB05	100002310
R07AB06	100071672
R07AB07	100033887
R07AB08	100003078
R07AB09	100065687
R07AX01	100145068
S01AA01	100000298
S01AA02	127233777
S01AA03	100004454
S01AA04	144134877
S01AA05	100452550
S01AA07	100004454
S01AA09	125880664
S01AA10	100441382
S01AA11	100003467
S01AA12	100005496
S01AA13	100003443
S01AA14	100002349
S01AA15	100003069
S01AA16	100023429
S01AA17	100003255
S01AA18	100004868
S01AA19	100002173
S01AA21	100002142
S01AA22	100107677
S01AA23	100004460
S01AA24	100000815
S01AA25	100062858
S01AA26	100002269
S01AB01	100005328
S01AB02	100005344
S01AB03	100008281
S01AB04	100005320
S01AB05	100005335
S01AD01	100003687
S01AD02	100006256
S01AD03	100002022
S01AD05	100005726
S01AD06	100000191
S01AD07	100003324
S01AD08	116133606
S01AD09	100003454
S01AX01	100023931
S01AX02	100023954
S01AX04	100001839
S01AX05	116683103
S01AX06	100005054
S01AX07	100159383
S01AX08	100065130
S01AX09	100002713
S01AX10	102723816
S01AX11	100004583
S01AX12	100004539
S01AX13	100002764
S01AX14	100011974
S01AX15	100064949
S01AX16	100071663
S01AX17	100003948
S01AX18	100410087
S01AX19	100004583
S01AX21	100005379
S01AX22	100004259
S01BA01	100003003
S01BA02	100003640
S01BA03	100222786
S01BA04	100004894
S01BA05	100005544
S01BA06	100003003
S01BA07	100003384
S01BA08	100004043
S01BA09	100002792
S01BA10	104630253
S01BA11	100012536
S01BA12	100017794
S01BA13	100039507
S01BA14	100054808
S01BA15	100003381
S01BC01	100003715
S01BC02	100004641
S01BC03	100003032
S01BC04	100003394
S01BC05	100003826
S01BC06	123690938
S01BC07	100002313
S01BC08	100000338
S01BC09	100004888
S01BC10	100151075
S01BC11	100060726
S01CB01	100003003
S01CB02	100004894
S01CB03	100003640
S01CB04	100003003
S01CB05	100003384
S01EA01	100000838
S01EA02	100003105
S01EA03	100002216
S01EA04	100002803
S01EA05	100002435
S01EB01	100004819
S01EB02	100002551
S01EB03	100010547
S01EB04	100005965
S01EB05	100004811
S01EB06	100004456
S01EB07	100005936
S01EB08	100001979
S01EB09	100000187
S01EB10	100009395
S01EC01	100001986
S01EC02	100003038
S01EC03	100003154
S01EC04	100068844
S01EC05	100001798
S01ED01	100005478
S01ED02	100002369
S01ED03	100003914
S01ED04	100031477
S01ED05	100002583
S01ED06	100002309
S01EE01	100003890
S01EE02	100005636
S01EE03	100127909
S01EE04	100123597
S01EE05	106433101
S01EX01	100003518
S01EX02	103033538
S01FA01	100003661
S01FA02	100005184
S01FA03	100004120
S01FA04	100002905
S01FA05	100003623
S01FA06	100005593
S01FB01	100004782
S01FB02	100005032
S01FB03	100068555
S01GA01	100004436
S01GA02	100005419
S01GA03	100005709
S01GA04	100004636
S01GA05	100004782
S01GA06	100007172
S01GX01	100002881
S01GX02	100003915
S01GX03	100210320
S01GX04	100050294
S01GX05	100044564
S01GX06	100003219
S01GX07	100002267
S01GX08	100003827
S01GX09	100060864
S01GX10	100003241
S01HA01	100002826
S01HA02	100004633
S01HA03	100005411
S01HA04	100004935
S01HA05	100004914
S01HA06	100003025
S01HA07	100003676
S01JA01	100016850
S01JA02	100069438
S01KA01	100024759
S01KA02	124832095
S01KX01	104052643
S01LA01	105362420
S01LA02	100111332
S01LA03	156603655
S01XA02	100001071
S01XA03	100005234
S01XA04	100004875
S01XA06	100003303
S01XA07	100024856
S01XA08	100000581
S01XA10	100000804
S01XA11	100009904
S01XA12	100004678
S01XA14	153477714
S01XA15	111020241
S01XA18	100002909
S02AA01	100000298
S02AA02	100001839
S02AA03	100007628
S02AA05	100002788
S02AA06	100000784
S02AA07	100004454
S02AA08	125880664
S02AA09	100002713
S02AA10	100000175
S02AA11	100004868
S02AA12	100023429
S02AA13	100004189
S02AA14	100003467
S02AA15	100002764
S02AA16	100004583
S02BA01	100003640
S02BA03	100004894
S02BA06	100003003
S02BA07	100003003
S02BA08	100003381
S02DA01	100003676
S02DA02	100002826
S02DA03	100002206
S03AA01	100004454
S03AA02	125880664
S03AA03	100004868
S03AA04	100002713
S03AA05	100065130
S03AA06	100003467
S03AA07	100002764
S03AA08	100000298
S03BA01	100003003
S03BA02	100004894
S03BA03	100003003
V01AA08	105359810
V01AA10	100014794
V03AB02	100004423
V03AB03	100006049
V03AB04	105353894
V03AB06	100001084
V03AB08	104517618
V03AB09	100003080
V03AB13	100107688
V03AB14	100003661
V03AB15	100004425
V03AB16	100000702
V03AB17	100004139
V03AB18	100516875
V03AB19	100004811
V03AB20	100024462
V03AB21	100004875
V03AB22	100008053
V03AB23	100000581
V03AB25	100003373
V03AB26	100000876
V03AB27	100022173
V03AB31	100025959
V03AB32	100000745
V03AB33	104479097
V03AB34	100003406
V03AB35	106918584
V03AC01	100002973
V03AC02	100002972
V03AC03	105493381
V03AE01	100168625
V03AE02	103085017
V03AE03	100168924
V03AF01	100000598
V03AF02	100030623
V03AF03	100000143
V03AF04	100000143
V03AF05	100002141
V03AF06	100000143
V03AF07	100102258
V03AH01	100003019
V03AN01	100000977
V03AN02	100000280
V03AN03	100023987
V03AN04	100000947
V03AX02	105493325
V03AZ01	100000702
V04CA01	100005505
V04CA02	100000206
V04CC01	100000453
V04CC02	100024083
V04CC03	100032800
V04CC04	116129675
V04CD01	100004174
V04CD03	116129620
V04CD04	116132344
V04CD05	116132353
V04CE01	100000206
V04CE02	100005345
V04CG02	100007741
V04CG03	100000774
V04CG04	100004734
V04CG05	100004139
V04CG30	123669229
V04CH02	105282429
V04CH03	100004766
V04CH04	116129705
V04CH30	100002148
V04CJ01	100032281
V04CJ02	100032281
V04CK01	116129665
V04CK02	116129670
V04CK03	100002329
V04CM01	100036523
V06DC01	100000206
V06DC02	100001101
V08AA01	100002140
V08AA02	100002528
V08AA03	100003723
V08AA04	100003737
V08AA05	100034536
V08AA06	100065437
V08AA07	100006806
V08AA08	100025229
V08AA09	100031346
V08AA10	100009303
V08AB01	100035734
V08AB02	100003730
V08AB03	100003742
V08AB04	100003734
V08AB05	100003736
V08AB06	100003738
V08AB07	100003741
V08AB08	100056016
V08AB09	100003724
V08AB10	100003731
V08AB11	100065985
V08AB12	100003743
V08AC01	100035740
V08AC02	100003740
V08AC03	100017477
V08AC04	100003739
V08AC05	100018377
V08AC06	100003735
V08AC07	100027648
V08AC08	100005241
V08AC09	100005611
V08AC10	100005241
V08AD02	100021751
V08AD03	100004949
V08AD04	100007458
V08CA01	100055466
V08CA02	100158536
V08CA03	100060754
V08CA04	100060714
V08CA05	100107732
V08CA06	100444013
V08CA07	100014457
V08CA08	100197281
V08CA09	106102852
V08CA10	100219084
V08CA11	111672461
V08CX01	100009873
V08DA03	100012675
V08DA05	100017358
V09AB02	100005120
V09AB03	100122197
V09FX04	100005238
V09GB02	100000865
V09IX03	100000865
V09XA01	100000865
V09XA03	100000865